{
  "feat_resnet12": {
    "transform": {
      "image_size": 84,
      "crop_ratio": 1.15,
      "mean": [0.47214064400000005, 0.45330829125490196, 0.4099612805098039],
      "std": [0.2771838538039216, 0.26775040952941176, 0.28449041290196075],
      "interpolation": "bilinear"
    }
  }
}